{
  "Workflows": [
    {
      "Path": null,
      "SortBy": 0,
      "VariablesSectionElementsOrder": [],
      "ArgumentsSectionElementsOrder": null,
      "ConstantsSectionElementsOrder": [],
      "AddedNamespaces": null
    },
    {
      "Path": "Main.xaml",
      "SortBy": 0,
      "VariablesSectionElementsOrder": [
        "input&Sequence_1",
        "EmailColumn&Sequence_5",
        "ExcelSheet&Sequence_5",
        "ExcelFileAddress&Sequence_5",
        "state&Sequence_5",
        "type&Sequence_5",
        "ExcelFileAddress&Sequence_6",
        "EmailColumn&Sequence_6",
        "ExcelSheet&Sequence_6",
        "type&Sequence_6"
      ],
      "ArgumentsSectionElementsOrder": [],
      "ConstantsSectionElementsOrder": [],
      "AddedNamespaces": null
    },
    {
      "Path": "send email/SendingMain.xaml",
      "SortBy": 0,
      "VariablesSectionElementsOrder": [
        "ExcelFileAddress&Sequence_1",
        "ExcelSheet&Sequence_1",
        "Emails&Sequence_1",
        "Contents&Sequence_1",
        "closeDate&Sequence_1",
        "overDate&Sequence_1",
        "file&Sequence_1",
        "content&Sequence_1"
      ],
      "ArgumentsSectionElementsOrder": [
        "in_type"
      ],
      "ConstantsSectionElementsOrder": [],
      "AddedNamespaces": null
    },
    {
      "Path": "send email/SortingExcelFile.xaml",
      "SortBy": 0,
      "VariablesSectionElementsOrder": [
        "today&Sequence_1",
        "closeDate&Sequence_1",
        "overDate&Sequence_1",
        "expiryDate&Sequence_2",
        "str&Sequence_13"
      ],
      "ArgumentsSectionElementsOrder": [
        "out_sefCloseDate",
        "out_sefOverDate",
        "in_sefData",
        "in_sefDateColumn",
        "in_sefStateColumn"
      ],
      "ConstantsSectionElementsOrder": [],
      "AddedNamespaces": null
    },
    {
      "Path": "send email/SendEmail.xaml",
      "SortBy": 0,
      "VariablesSectionElementsOrder": [
        "emailAddress&Sequence_2",
        "email_pwd&Sequence_2",
        "nationality&Sequence_2",
        "content&Sequence_2",
        "fileName&Sequence_2",
        "default_ct&Sequence_2"
      ],
      "ArgumentsSectionElementsOrder": [
        "in_seEmails",
        "in_seEmailColumn"
      ],
      "ConstantsSectionElementsOrder": [],
      "AddedNamespaces": null
    },
    {
      "Path": "send email/SaveAsExcel.xaml",
      "SortBy": 0,
      "VariablesSectionElementsOrder": [
        "tooMuch&Sequence_18",
        "close&Sequence_18",
        "trial&Sequence_19"
      ],
      "ArgumentsSectionElementsOrder": [
        "in_saeType",
        "in_saeOver",
        "in_saeClose"
      ],
      "ConstantsSectionElementsOrder": [],
      "AddedNamespaces": null
    },
    {
      "Path": "method/GetContent.xaml",
      "SortBy": 0,
      "VariablesSectionElementsOrder": [
        "str&Sequence_1"
      ],
      "ArgumentsSectionElementsOrder": [
        "out_gcContent",
        "in_gcFileName",
        "in_gcDefault"
      ],
      "ConstantsSectionElementsOrder": [],
      "AddedNamespaces": null
    },
    {
      "Path": "send email/ExtractEmail.xaml",
      "SortBy": 0,
      "VariablesSectionElementsOrder": [],
      "ArgumentsSectionElementsOrder": [
        "out_eeEmails",
        "in_eeExcelFileAddress",
        "in_eeExcelSheet"
      ],
      "ConstantsSectionElementsOrder": [],
      "AddedNamespaces": null
    },
    {
      "Path": "check respond/DownloadGoogleForm.xaml",
      "SortBy": 0,
      "VariablesSectionElementsOrder": [
        "password&Sequence_1",
        "adress&Sequence_1"
      ],
      "ArgumentsSectionElementsOrder": [],
      "ConstantsSectionElementsOrder": [],
      "AddedNamespaces": null
    },
    {
      "Path": "check respond/CheckingMain.xaml",
      "SortBy": 0,
      "VariablesSectionElementsOrder": [
        "visaData&Sequence_1",
        "returnData&Sequence_1"
      ],
      "ArgumentsSectionElementsOrder": [],
      "ConstantsSectionElementsOrder": [],
      "AddedNamespaces": null
    },
    {
      "Path": "check respond/CheckStudent.xaml",
      "SortBy": 0,
      "VariablesSectionElementsOrder": [],
      "ArgumentsSectionElementsOrder": [
        "out_csReturnData",
        "out_csVisaData"
      ],
      "ConstantsSectionElementsOrder": [],
      "AddedNamespaces": null
    },
    {
      "Path": "check respond/MatchData.xaml",
      "SortBy": 0,
      "VariablesSectionElementsOrder": [
        "file&Sequence_22",
        "file&Sequence_4",
        "visaOriginDT&Sequence_1",
        "returnOriginDT&Sequence_1",
        "content_return&Sequence_1",
        "content_visa&Sequence_1",
        "str&Sequence_13"
      ],
      "ArgumentsSectionElementsOrder": [
        "in_mdReturnData",
        "in_mdVisaData"
      ],
      "ConstantsSectionElementsOrder": [],
      "AddedNamespaces": null
    },
    {
      "Path": "translate/TranslateGuideLine.xaml",
      "SortBy": 0,
      "VariablesSectionElementsOrder": [
        "dt1&Sequence_1",
        "fiter_dt1&Sequence_1",
        "new_Dt1&Sequence_1",
        "language_dt1&Sequence_1",
        "dt2&Sequence_1",
        "fiter_dt2&Sequence_1",
        "language_dt2&Sequence_1",
        "new_Dt2&Sequence_1",
        "language&Sequence_1",
        "language1&Sequence_1",
        "language2&Sequence_1",
        "guidelineFiles&Sequence_1",
        "file&Sequence_1"
      ],
      "ArgumentsSectionElementsOrder": [],
      "ConstantsSectionElementsOrder": [],
      "AddedNamespaces": null
    },
    {
      "Path": "translate/GuideLineMain.xaml",
      "SortBy": 0,
      "VariablesSectionElementsOrder": [],
      "ArgumentsSectionElementsOrder": [],
      "ConstantsSectionElementsOrder": [],
      "AddedNamespaces": null
    }
  ]
}