"타임스탬프","개인 정보 수집 및 이용에 동의하십니까?","1. 귀하의 학번을 입력해주세요.","2. 귀하의 한국 이름을 입력해주세요.","3. 귀하의 영어 이름(여권 등록명)을 입력해주세요.","4. 귀하의 전화번호를 입력해주세요.","4. 귀하는 휴학 예정이십니까?"," ""휴학 신청 가이드 라인"" 자료가 필요하신가요? ","원하시는 언어를 입력해주세요. (한국어로 입력!)","귀하의 E-mail 주소를 입력해주세요","""비자 신청 가이드 라인"" 자료가 필요하신가요? ","원하시는 언어를 입력해주세요. (한국어로 입력! ex) 영어)","귀하의 E-mail 주소를 입력해주세요"
"2024/06/15 2:39:57 오후 GMT+9","동의함","60184303","옌 통","YAN TONG","01027360635","아니오","","","","예","베트남어","josh7994@naver.com"
"2024/06/15 2:41:27 오후 GMT+9","동의함","60197890","하 티 투","HA THI TU","010-1234-5678","아니오","","","","예","베트남어","alex.jones@example.com"
"2024/06/15 2:42:03 오후 GMT+9","동의함","60245678","크리스틴 에반스","CHRISTINE EVANS","010-2345-6789","아니오","","","","예","영어","maria.garcia@example.com"
"2024/06/15 2:45:41 오후 GMT+9","동의함","60202345","리 지안","LI JIAN","010-4567-8901","아니오","","","","예","중국","anna.kim@example.com"
"2024/06/15 2:46:44 오후 GMT+9","동의함","60228901","사카모토 아키라","SAKAMOTO AKIRA","010-5678-9012","아니오","","","","예","일본어","mike.brown@example.com"
"2024/06/15 2:47:17 오후 GMT+9","동의함","60195678","사이토 켄타로","SAITO KENTARO","010-6789-0123","예","예","일본어","lucy.wang@example.com","","",""
"2024/06/15 2:48:16 오후 GMT+9","동의함","60243456","팜 티 란","PHAM THI LAN","010-3456-7892","예","예","베트남어","sofia.rodriguez@example.com","","",""
"2024/06/15 2:50:13 오후 GMT+9","동의함","60216789","장 웨이량","ZHANG WEILIANG","010-8901-2345","예","예","중국어","emily.davis@example.com","","",""
"2024/06/15 2:52:43 오후 GMT+9","동의함","60213456","애슐리 톰슨","ASHLEY THOMPSON","010-2345-6813","예","예","영어","jbb0610@gmail.com","","",""
"2024/06/15 2:53:54 오후 GMT+9","동의함","60213456","브라이언 리","BRIAN LEE","010-2345-6823","아니오","","","","예","프랑스어","evan.hart@example.com"